user_id,username,email,birth_year,created_at,gender
1,gbag,bi@example.net,1986,2023-09-22,여성
2,seongmingim,sgim@example.net,1984,2024-07-16,여성
3,jiyeong81,hi@example.com,1995,2023-09-29,남성
4,seongjin81,jeongsug42@example.com,2005,2025-05-22,여성
5,ucoe,byeongceol31@example.org,1987,2024-04-18,남성
6,bagyeongho,hongseohyeon@example.org,1985,2025-02-05,남성
7,jeongsun11,jongsuyun@example.org,1997,2024-03-21,남성
8,minjun10,hyeonugim@example.org,1989,2025-02-09,여성
9,ijihyeon,iju@example.net,2000,2024-03-09,여성
10,yeweon16,ijia@example.org,1999,2024-01-05,여성
11,jojia,rbag@example.org,1995,2024-12-07,여성
12,hyeonu44,seonghuno@example.org,1998,2024-12-03,남성
13,xi,seonghunbag@example.org,1985,2024-05-15,여성
14,gueunju,eunjeongbag@example.net,1997,2025-04-02,여성
15,seonghun89,sunoggim@example.com,1987,2024-06-15,남성
16,seojungsu,yeongjinbag@example.org,1982,2025-02-11,여성
17,seongsu67,bagjihu@example.org,2001,2023-07-07,여성
18,yeji53,junseojang@example.net,1996,2024-06-07,남성
19,myeongsug03,jinho37@example.org,2002,2023-12-16,여성
20,kjang,hayungim@example.org,1980,2024-10-17,여성
21,seojun76,minsui@example.com,1992,2023-06-06,여성
22,jihyeon91,ugim@example.com,1999,2025-02-11,여성
23,jeongsug65,hyeonu10@example.net,1992,2024-11-08,여성
24,eungyeong98,geonugang@example.org,1987,2023-08-18,여성
25,hyejin40,eungyeongi@example.net,1997,2023-11-25,남성
26,ijaeho,yejun00@example.net,2005,2025-02-11,여성
27,yejunim,munjunho@example.net,1989,2024-11-22,남성
28,jeongsunbaeg,umun@example.net,1991,2024-03-22,남성
29,yeweon01,subinbae@example.org,1998,2024-10-17,여성
30,gyeongsu25,seoyeongi@example.org,1994,2025-05-13,남성
31,areum92,zjeon@example.net,2003,2025-01-17,남성
32,mgim,jeongnambag@example.com,2002,2024-10-10,여성
33,minjun16,miyeong33@example.net,1983,2023-10-04,여성
34,seojun48,dbag@example.net,1998,2023-07-21,여성
35,jihuno,jeongsigan@example.org,1988,2024-01-18,여성
36,rmin,jeongnamseo@example.com,1993,2024-12-17,남성
37,oboram,kgim@example.com,1981,2023-09-30,남성
38,sujin65,ebag@example.net,1989,2023-09-04,남성
39,jeongsun36,ogja41@example.com,1998,2023-06-19,남성
40,gyeongja21,hanhyeonji@example.net,2003,2024-10-21,여성
