user_id,username,email,created_at
14,imhyeonjeong,jeonyeongsu@example.com,2024-08-22
40,sugjai,seongmingim@example.net,2025-04-05
31,sumin98,geonujeong@example.org,2025-03-22
46,migyeongi,gimjeongsug@example.org,2024-08-21
18,ugim,yeongsighan@example.net,2025-03-19
49,seoyungu,hyejingim@example.org,2025-04-26
27,yeongmii,sgim@example.org,2025-02-11
26,yunseongho,gimyejun@example.com,2024-08-07
33,ogsun48,abae@example.com,2024-11-26
20,coesujin,ogsunbaeg@example.com,2025-02-22
13,seongminsim,qheo@example.org,2025-05-09
5,yeonghogim,gosangho@example.net,2024-06-27
38,coegyeongsug,sujin33@example.org,2025-05-15
9,nbag,gweonseunghyeon@example.net,2025-04-23
4,gimhyeonju,jongsubag@example.org,2024-12-05
7,sbae,seongsui@example.net,2024-06-21
42,vheo,minsu58@example.com,2024-10-29
47,bagdonghyeon,kson@example.com,2025-01-03
48,gweongyeongsu,jieun24@example.com,2024-07-21
16,misug09,coemiyeong@example.org,2024-12-13
10,xgim,sanghungim@example.org,2025-04-21
17,jeongungyun,eunju28@example.com,2024-08-23
25,zan,geonu87@example.com,2024-06-17
35,eunjimin,seoareum@example.net,2025-03-12
32,gyeongsu57,jbag@example.net,2025-05-08
1,minjaegim,myeongsuggim@example.net,2025-01-10
45,rgim,gimbyeongceol@example.net,2024-09-09
28,sunjamun,seongjingim@example.net,2024-10-23
34,yeongsuni,baemyeongja@example.org,2024-06-11
6,gseong,yeongceolgim@example.net,2025-02-22
30,myeongsug07,sugja04@example.com,2024-08-04
12,vbag,jeonghobaeg@example.org,2025-01-13
37,yeonghoi,sonjia@example.org,2024-10-02
2,yeongho21,sunogna@example.com,2025-05-22
22,cunjagang,sonseoyeon@example.com,2024-08-31
