detail_id,project_id,description,start_date,end_date,reward_info,risk_info,delivery_date,thumbnail_url
1,1,"Consequuntur reprehenderit modi. Sequi eum aliquid illum itaque.
Qui aspernatur perspiciatis veritatis sunt. Inventore placeat similique aut ea. Tenetur similique dolorem commodi magnam quis nihil.
Aut et pariatur sunt. Dicta sed asperiores quaerat commodi.
Ducimus culpa consectetur at iste est occaecati. Dolorum commodi optio neque amet. Odit laborum quibusdam nihil excepturi.
Magni nihil expedita sapiente earum. Iste cum quos fuga dolor.",2025-05-15,2025-06-23,"Magni dolore earum reiciendis. Quo odit quidem quisquam.
Minima ea ea voluptates fugiat. Quibusdam repellendus voluptatibus laborum corporis.","Ipsum ducimus explicabo magnam. Sint nulla eligendi quia repellendus.
Deserunt quod repudiandae minus ad. Iusto laboriosam quisquam quis libero.",2025-09-30,https://img.example.com/thumb_1.jpg
2,2,"Eius accusantium eum cum ab natus. Doloremque veniam excepturi dignissimos dignissimos natus. Porro culpa accusantium facilis itaque quo enim dolore.
Porro maiores soluta laudantium eveniet possimus quaerat. Numquam corrupti velit excepturi perspiciatis voluptate dolorum.
Rem facere officiis minus error maxime cumque. Numquam temporibus repudiandae voluptates exercitationem. Fugiat consequatur quis nam.
Odio laborum soluta placeat aspernatur magni. Odio facilis maxime laboriosam.",2025-04-13,2025-06-06,Omnis nesciunt odit repudiandae et. Consequuntur earum itaque voluptatibus quas aliquid.,"Quae pariatur error commodi. Culpa cum quisquam aperiam corporis quod expedita accusantium.
Possimus neque assumenda aut. Ipsum nam neque. Nostrum tempora quaerat.",2025-09-09,https://img.example.com/thumb_2.jpg
3,3,"Voluptates numquam minima mollitia magnam.
Voluptatum deleniti ipsa iure placeat repudiandae pariatur. Nisi sapiente ullam est nisi culpa.
Ab tempore architecto deleniti culpa. Aut dolor reprehenderit deleniti labore ipsa. Nisi officia iste sequi aliquid. Laboriosam commodi quam.
Atque placeat recusandae at tempore placeat.
Fugiat nulla magnam adipisci. Qui saepe libero accusantium distinctio eveniet. Numquam magni sunt.",2025-03-25,2025-06-06,Fugiat facilis sed ut deleniti officia. Consequatur aspernatur quae nostrum corporis. Eaque quam amet impedit eos error.,Quia ut natus dolorem. Dignissimos harum inventore culpa dicta laudantium distinctio. Quasi molestiae blanditiis omnis exercitationem dolores.,2025-09-22,https://img.example.com/thumb_3.jpg
4,4,"Minima sapiente nulla excepturi dolore provident. Perspiciatis deleniti ipsam.
Doloremque ipsa amet quidem.
Doloremque architecto magnam ducimus aperiam exercitationem. Quisquam ipsum est porro provident. Excepturi harum laboriosam aliquid voluptates itaque explicabo.
Soluta incidunt dolorem nam ducimus. Fugit modi veritatis. Dolores mollitia optio iure odio.
Quis similique ut eaque dolor explicabo.",2025-03-11,2025-06-23,Fugit nesciunt alias. Vel perferendis ratione aut id odit perferendis. Doloribus corrupti nostrum dolorum aspernatur.,Quam doloremque aliquam iste vitae. Non dignissimos tempore voluptatum aliquid iure. Dolorem veritatis optio veniam repellat.,2025-08-15,https://img.example.com/thumb_4.jpg
5,5,"Officiis possimus earum possimus aspernatur ab. Porro labore quisquam quisquam pariatur. Nemo repellendus nisi natus aliquid. Qui autem error quasi ullam eligendi quia.
Et molestias quam culpa a. Corrupti inventore possimus eligendi. Quisquam aperiam vitae.
Temporibus et et ratione at.
Omnis ut aspernatur impedit. Perferendis eum similique autem a laudantium voluptatum. Odio ducimus optio soluta excepturi quas.",2025-05-21,2025-07-31,"A earum officia nemo quibusdam voluptatum quisquam. Fugit numquam quaerat doloremque non.
Dolor animi pariatur. Repellendus repellendus odio dolore eveniet dolor reiciendis nam.",Non libero sed rem. Quidem quidem a.,2026-05-06,https://img.example.com/thumb_5.jpg
6,6,"Neque vel eveniet veritatis nulla praesentium optio. Fugiat sit accusamus.
Ipsa ab voluptatum voluptatum recusandae quidem. Officiis cumque eos deserunt voluptatibus eveniet saepe.
Nesciunt modi id facilis inventore laboriosam. Consequuntur debitis veritatis deserunt harum dolor eveniet.
Sapiente nam quam ipsam itaque sequi voluptate fuga. Commodi dolorem iusto quibusdam.
Nostrum iste quos eius iure quas.
Cupiditate tenetur ullam optio. Molestias iure consequatur vero sequi hic voluptatem.",2025-05-09,2025-06-06,Praesentium libero at excepturi harum impedit. Ipsum officia dignissimos accusantium ullam. Corrupti natus ea ipsum eos amet. Voluptatem nesciunt voluptatum.,"Exercitationem perferendis ducimus error quae sunt earum.
Sint at ducimus placeat adipisci. Porro veritatis sequi eum.",2026-02-14,https://img.example.com/thumb_6.jpg
7,7,"Nihil suscipit asperiores voluptatem placeat. Magnam labore excepturi optio sed. Facere perferendis recusandae optio cum dolores. Saepe deserunt repellendus doloremque quo commodi.
Reprehenderit perferendis numquam nam quos ex. Reprehenderit perspiciatis sapiente excepturi ullam. Maiores cumque adipisci atque. Excepturi ipsum aut eum consequuntur deleniti quos.
Quisquam quos harum expedita. At ullam aut commodi consectetur sint. Enim quidem quam.",2025-05-12,2025-08-08,Alias quibusdam praesentium repellat rerum. Explicabo vero numquam quisquam quam tempore minima.,Id tenetur quae illo ipsum minus minima vitae. Iure debitis eos soluta porro repudiandae. Illum saepe iste doloremque soluta distinctio.,2025-08-03,https://img.example.com/thumb_7.jpg
8,8,"Repellendus quibusdam odit officiis deserunt in consectetur optio. Vel est quae omnis consequatur facilis.
Ut quas error nemo distinctio quasi. Dicta deserunt vitae. Dicta perferendis quis tempora.
Optio quisquam delectus praesentium esse delectus ad. Perferendis iste quo iste consectetur delectus. Doloremque ex dolor eaque delectus rerum.
Veritatis praesentium atque ipsa voluptatum. Recusandae id odio tempore esse. Cumque asperiores quis necessitatibus cumque.",2025-04-28,2025-08-22,Quam harum consequuntur eos doloribus dignissimos. Ea optio ex voluptate aut iusto. At illo culpa perspiciatis architecto facere veniam.,"Suscipit voluptas modi explicabo. Excepturi soluta quisquam.
A expedita quibusdam ipsam aspernatur. Et reiciendis saepe non corporis architecto ipsam.",2025-07-29,https://img.example.com/thumb_8.jpg
9,9,"Delectus incidunt ad voluptate ipsa architecto similique impedit. Ipsam architecto id a.
Magnam officia perspiciatis deleniti expedita. Perferendis temporibus excepturi tenetur deserunt voluptatibus. Voluptatem assumenda esse asperiores neque.
Eligendi illum consectetur quos sunt quos. Fuga assumenda dolore ipsa voluptatem at est nulla. Excepturi consequuntur nesciunt ea.
Et maiores incidunt doloribus suscipit officiis atque. Voluptates esse nulla nobis esse odit iusto.",2025-03-13,2025-07-09,Animi nobis praesentium consequatur eos. Quas iure officia non quasi animi earum.,"Exercitationem esse assumenda tempore quasi. Nihil unde culpa tenetur sit.
Perspiciatis veritatis enim sequi.
Exercitationem ut veniam totam molestias voluptatibus aut. Expedita iure facilis.",2025-10-13,https://img.example.com/thumb_9.jpg
10,10,"Rerum praesentium expedita eos atque vel debitis. Numquam qui ut totam itaque mollitia perferendis.
Modi veritatis ipsum provident aspernatur.
Labore sed sapiente debitis eveniet. Ea neque velit nam odio earum. Error modi at voluptas non non voluptas excepturi.
Aliquam laudantium consequatur illum ipsa. Quo assumenda aperiam architecto libero modi suscipit. Nisi adipisci numquam porro quia.",2025-03-12,2025-08-14,Hic accusamus cumque ullam magni numquam. Fugit tempore magni vel quas quas. Ut commodi sequi earum.,"Omnis assumenda eaque accusamus dolorem at praesentium optio.
Necessitatibus odio exercitationem ipsa. Sequi labore a magnam est. Eum eaque adipisci architecto facere culpa.",2026-05-21,https://img.example.com/thumb_10.jpg
11,11,"Exercitationem accusantium sed praesentium. Debitis perspiciatis ipsa corrupti quisquam consequuntur ab. Ex repellendus error alias labore velit.
Iure officiis error sequi et quisquam. Optio adipisci ad quod recusandae culpa laboriosam mollitia.
Nesciunt non debitis itaque sequi. Et iste unde a animi iusto molestiae neque. Inventore dignissimos atque veniam reiciendis consequuntur.
Pariatur incidunt doloribus. Autem atque quo assumenda eius omnis. Error quo hic neque amet ab.",2025-03-19,2025-08-08,"Dolores nesciunt placeat. Temporibus similique sequi officiis.
Ipsa perferendis quisquam aliquam quibusdam sit. Voluptatum veniam cum id.",Soluta placeat doloremque incidunt fugiat minima iure. Dolorem sequi quidem. Dicta excepturi accusantium voluptate repellendus accusamus.,2025-07-02,https://img.example.com/thumb_11.jpg
12,12,"Consequuntur ducimus explicabo maiores aperiam. Reprehenderit nihil itaque ipsa veniam eveniet.
Et repudiandae harum nemo molestias reprehenderit animi. Velit error dolores magni nesciunt nulla consequatur. Asperiores totam possimus incidunt deleniti voluptate exercitationem.
Neque voluptatibus ullam. In distinctio voluptatem aut voluptatibus inventore magni perferendis.
Cumque ducimus cupiditate harum eius in consectetur.",2025-05-02,2025-07-31,Provident est sequi. Amet ipsa in voluptatem repudiandae. Quam maiores fugiat distinctio distinctio consequuntur voluptate fugiat.,Voluptate impedit provident fugit. Dignissimos cupiditate quae quos. Exercitationem unde quae numquam nihil illum. Numquam pariatur laboriosam delectus ipsam quaerat consequatur doloribus.,2025-12-08,https://img.example.com/thumb_12.jpg
13,13,"Reprehenderit qui aspernatur explicabo maiores minus distinctio. Distinctio maxime sequi porro omnis.
Dolorum id veniam nihil quasi blanditiis. Explicabo reiciendis reprehenderit perspiciatis provident sunt quisquam dolores.
Officiis quidem error repellat accusamus debitis magni et. Nisi libero iusto voluptate dolore beatae. Ducimus ea perferendis.
Quibusdam dignissimos ea corrupti. Animi voluptatum ratione nemo.",2025-04-18,2025-08-13,"Sed explicabo totam voluptatum nisi quisquam facilis velit. Totam ut sint repellat suscipit ipsum pariatur.
Magni ipsam placeat a occaecati. Ipsa nulla assumenda similique.","Commodi ipsa fugiat itaque. Numquam voluptatum quasi a.
Nobis tempore provident aliquid delectus quo. Alias ab repellendus reprehenderit facere ipsam.",2025-11-10,https://img.example.com/thumb_13.jpg
14,14,"Earum accusamus blanditiis optio enim. Qui consequatur vel beatae. Enim quibusdam accusamus vero error.
Debitis fuga voluptatum eos harum itaque. Veniam repellat ipsum tempora perferendis. Ullam natus soluta repellat consequuntur. Temporibus expedita tenetur quos ducimus rerum.
Sapiente consectetur aliquam esse qui perferendis cum. Vitae maxime accusantium reiciendis sequi. Rem est exercitationem nemo aut quae.
Optio similique omnis fugit.
Vel temporibus natus ab numquam dolorem consequatur.",2025-03-20,2025-06-07,Placeat soluta incidunt architecto. Accusantium nam saepe eius.,Voluptate rerum earum maxime ad voluptates suscipit. Inventore quas optio similique.,2026-01-16,https://img.example.com/thumb_14.jpg
15,15,"Unde corrupti fuga necessitatibus similique soluta et. Asperiores laborum modi beatae adipisci facilis.
Deserunt porro ullam tenetur deserunt natus nesciunt ex.
Occaecati mollitia ea culpa nobis officiis eaque. Nesciunt recusandae provident suscipit. Aspernatur incidunt doloribus recusandae pariatur dolor commodi officiis.
Eum voluptatum ut quaerat unde. Iusto ipsam nihil sequi. Nemo consequuntur illum eveniet.",2025-04-15,2025-08-05,Suscipit voluptatum rem numquam commodi consequatur. In mollitia maiores rem.,"Eaque fugit dicta aperiam. Optio tenetur fugit voluptas voluptates fuga dolor.
Similique fugiat voluptatem suscipit. Voluptas ipsum possimus quod. Quam cum qui laudantium nihil.",2025-09-16,https://img.example.com/thumb_15.jpg
16,16,"Non maxime dolorum doloribus quidem excepturi maxime.
Fugit reprehenderit voluptas quis omnis quam. Distinctio ipsam cupiditate reiciendis totam veritatis aut neque.
Facere vel molestiae placeat maxime. Quo voluptates praesentium perferendis earum id. Odit ducimus iusto nemo. Porro porro velit ipsum.
Ea tempora repellat voluptas.
Neque odio perferendis adipisci inventore magni. Iusto quibusdam dolorem aut consequatur alias omnis. Quisquam placeat impedit expedita excepturi quisquam.",2025-05-08,2025-06-14,Vero minima assumenda quas cupiditate fuga dolore. Ut veritatis similique dolore voluptatum. Possimus iste explicabo aliquid corporis ab consectetur.,Reprehenderit recusandae accusantium recusandae exercitationem facere quas. Harum ea adipisci veniam ullam.,2026-01-30,https://img.example.com/thumb_16.jpg
17,17,"Quasi fugit voluptatibus sit delectus exercitationem corporis cupiditate.
Porro sed voluptatibus nostrum dolore facere doloribus. Recusandae minus eius officia distinctio asperiores aliquam non.
Iusto ea tenetur enim assumenda non laborum. Eaque fugiat nostrum libero rem magnam magnam. Distinctio alias tempora perspiciatis ea.
Vitae similique esse odit aut. Sit laborum omnis odio modi numquam.",2025-03-21,2025-07-14,"Aut esse sunt esse modi maiores vitae. Eius molestias maiores soluta culpa aspernatur.
Vel ut mollitia voluptates doloribus perspiciatis doloribus.",Illum amet labore eos. Quaerat a aliquam aperiam explicabo magni. Velit natus similique maxime delectus. Deserunt similique illum blanditiis.,2025-10-24,https://img.example.com/thumb_17.jpg
18,18,"Quibusdam porro ipsum expedita repellendus perspiciatis. Ipsam nemo in optio. Rem velit culpa at fugiat maiores.
Nisi illum odio deserunt nobis. Beatae iste consequuntur voluptate esse doloremque.
Repudiandae ipsam distinctio. Omnis quidem excepturi odit aut praesentium iste. Exercitationem doloremque nisi eos. Ipsam repellendus occaecati nam.
Assumenda quis possimus. Dolorum nostrum at fuga.",2025-03-29,2025-06-15,"Ex deserunt fugiat placeat. Aspernatur eligendi eveniet fuga ab.
Nobis assumenda eligendi itaque autem. Magnam error sed eum.",Voluptatibus iusto quisquam soluta. Et blanditiis repellendus aliquam. Iure ullam vitae ratione. Eius ad vel nesciunt commodi iusto nihil quaerat.,2026-04-06,https://img.example.com/thumb_18.jpg
19,19,"Sunt consectetur distinctio molestias facere. Quae quis optio quos beatae id itaque ipsam.
A deleniti quo inventore quibusdam tenetur. Aut nobis sapiente consequuntur. Distinctio sit accusantium natus molestias qui.
Molestias quam culpa id quis. In vitae similique laudantium saepe saepe. Commodi nesciunt maiores quibusdam quas.
Dolores dolorum impedit. Tempore beatae velit odio recusandae quia. Voluptate odio blanditiis eaque placeat laudantium tempore.",2025-03-16,2025-06-07,"Iure labore sunt impedit optio facere.
Dignissimos assumenda soluta sunt nisi quaerat soluta beatae. Nesciunt incidunt ut earum eveniet placeat. Dignissimos magnam autem fugiat ducimus in.","Magnam est ab laudantium. Ullam vel voluptatibus repellat. Ex fuga voluptatum occaecati.
Voluptatum saepe recusandae aut rerum adipisci perferendis. Quibusdam fugiat sit neque occaecati.",2026-02-19,https://img.example.com/thumb_19.jpg
20,20,"Labore reprehenderit pariatur tenetur sapiente expedita quibusdam quam. Tempore aperiam quaerat earum explicabo. Commodi reprehenderit cupiditate commodi saepe.
Deleniti vero animi eaque cupiditate. Ea architecto odit similique.
At quidem voluptatum nulla. Aliquam eligendi alias doloremque ea asperiores. Cupiditate saepe asperiores assumenda.
Quod illo nobis. Culpa ipsum et repellendus nihil rem aperiam in.",2025-04-29,2025-07-05,"Doloribus fuga provident ipsam. Laborum quod quia maxime.
Natus rem provident iure minima dolore. Quae expedita quos est. Repudiandae praesentium labore eos laborum officiis.",Sed numquam libero a suscipit alias. Enim molestias commodi sint mollitia quaerat est. Voluptate sit ab iste tenetur. Laboriosam neque excepturi earum rem rerum.,2026-05-22,https://img.example.com/thumb_20.jpg
21,21,"Magnam quo velit ut repudiandae aliquam.
Quibusdam maxime ullam quae. Cupiditate dignissimos commodi nesciunt. Incidunt reiciendis quasi deserunt.
Fugit laudantium quasi quod. Dicta rem iure ducimus velit reiciendis qui. Neque distinctio quisquam provident suscipit quia iusto.
Dignissimos enim perspiciatis quasi facilis. Ducimus recusandae recusandae amet doloribus.
Quod blanditiis minima quod aliquid possimus. Molestiae nulla hic eaque in voluptas itaque quam.",2025-03-22,2025-06-28,Mollitia exercitationem temporibus iure exercitationem recusandae aperiam eaque. Numquam nulla autem quis autem sunt tempora.,"Ea harum dolore omnis dignissimos. Assumenda quam aut velit aliquid praesentium. A ipsam dolor asperiores eum alias.
Autem quasi accusantium. Itaque voluptates doloribus voluptate nam ut.",2025-09-06,https://img.example.com/thumb_21.jpg
22,22,"Sed reiciendis officia quo eveniet vitae perspiciatis animi. Temporibus nihil ea saepe ea.
Quasi quo rem esse illo quasi voluptatibus. Minima accusamus a praesentium. Qui omnis tenetur ea officia vitae minus.
Quo ducimus temporibus voluptas totam eos error illum. Nesciunt beatae consequuntur eligendi numquam asperiores.",2025-05-02,2025-08-14,Eius nesciunt numquam inventore tempore sed officia. Quae enim nihil ullam modi explicabo quos illum.,"Nisi eos eum corrupti soluta est. Cupiditate sapiente fugit necessitatibus earum.
Quas ratione facere. Eveniet magnam consequuntur nostrum.",2026-04-29,https://img.example.com/thumb_22.jpg
23,23,"Pariatur corrupti eveniet architecto corrupti sed. Adipisci omnis similique rem ipsam velit est. Dignissimos fuga illum fugit exercitationem doloremque.
Odio ex nobis aliquid nesciunt repellat esse. Natus ullam aut at aspernatur qui. Sequi fugiat corrupti amet molestiae voluptate hic. Iste in explicabo culpa.
Minima dolorum veniam ex. Accusamus debitis quae quo.
Sint fugit ratione asperiores reprehenderit. Quisquam in alias nemo fugiat. Minima minus asperiores.",2025-04-01,2025-07-09,"Aliquid accusamus rerum laudantium recusandae quidem ut.
Alias commodi vero atque doloremque error omnis quis.",Doloribus exercitationem accusantium minima. Perspiciatis amet exercitationem aliquid a nulla sit. Tempore omnis modi tenetur.,2026-05-16,https://img.example.com/thumb_23.jpg
24,24,"Beatae magni maxime pariatur nemo at veritatis.
Vitae impedit autem nulla consequatur. Pariatur placeat vero qui. Magnam distinctio quae quos blanditiis.
Ab alias doloremque nobis sit laudantium unde. Autem dolores laborum minima magnam tempore explicabo.
Quae non excepturi in repudiandae temporibus. Veritatis nam natus perspiciatis ratione. Facere repellendus ex praesentium autem.
Hic libero odio laborum quis consectetur vitae. Quisquam sunt quo exercitationem maxime consequatur saepe.",2025-04-21,2025-07-23,Nostrum nihil error aut error. Ullam cum voluptatum.,"Placeat id officia quia ipsam et facere odit. Soluta delectus enim placeat.
Quasi sunt corrupti consequuntur. Quo laudantium deleniti eveniet eos illo provident.",2026-01-18,https://img.example.com/thumb_24.jpg
25,25,"Libero beatae deserunt doloremque delectus velit iure.
Aspernatur consectetur fugit esse eos adipisci. Quisquam nobis sed fugiat perferendis. Rem magnam ut illum soluta.
Alias labore autem incidunt nesciunt nemo. Occaecati deserunt voluptates in officiis ea possimus consequuntur.
Ab in harum id enim. Numquam possimus voluptates ratione dolore. Eveniet impedit ut deleniti sapiente.",2025-03-31,2025-07-24,Ratione dolorum nam. Dolorum minima hic quos repellat at cupiditate. Veritatis modi soluta odit possimus eos.,"Voluptas architecto unde corporis. Assumenda cum delectus voluptas omnis excepturi. Possimus cumque sint atque.
Non nihil eos enim. Magnam quia facere quaerat distinctio possimus fugit.",2025-12-08,https://img.example.com/thumb_25.jpg
26,26,"Ullam nulla ipsum a. Dolores beatae cupiditate quisquam voluptatum.
Omnis dicta accusantium asperiores nemo atque. Natus quas modi veritatis doloremque asperiores possimus.
Explicabo sunt accusamus magnam nihil. Amet saepe laborum accusamus consectetur.
Tempore accusamus ullam ullam sapiente ipsa. Rem sequi natus perferendis. Fuga optio debitis temporibus voluptas distinctio voluptatum repudiandae.",2025-05-01,2025-07-28,Sapiente in dolor laborum. In molestiae placeat tempora voluptas voluptas. Maxime cupiditate beatae sequi illum. Deserunt et dolor.,"Sunt autem veniam assumenda reprehenderit. Cumque omnis iusto optio.
Velit atque molestiae ut saepe in dolores. Odio perspiciatis vel voluptatum.",2026-03-30,https://img.example.com/thumb_26.jpg
27,27,"Quibusdam optio ab ratione molestiae nemo voluptatem. Blanditiis corrupti tenetur modi quibusdam. Pariatur praesentium magni porro. Culpa ad corporis minus fugit temporibus quam consequuntur.
Odio ad eos fugiat nostrum culpa.
Laboriosam esse repudiandae voluptas expedita dolores quaerat voluptate.
Consequuntur quaerat totam facere cumque aliquid error. A modi dolorum veniam quae. Quo mollitia porro nemo.",2025-04-10,2025-08-22,Dolorum fugit id. Qui beatae itaque dolorem. Pariatur sit adipisci laborum rerum fuga voluptatum.,Harum deleniti tenetur in nostrum alias inventore. Dolor illum a libero. Error eius aliquid quis sapiente autem. Nam quis et facere fuga.,2025-07-30,https://img.example.com/thumb_27.jpg
28,28,"Rerum ipsam perferendis voluptates. Officiis esse alias possimus nostrum. Asperiores veniam perspiciatis rem voluptate nulla.
Magnam deserunt consectetur expedita sequi consectetur. Rem error porro est id ut enim. Repellat qui consequuntur placeat deleniti incidunt.
Molestias omnis ipsa architecto nihil placeat veritatis. Aliquid voluptatem dolorum quibusdam consequuntur. Laboriosam molestias dignissimos quos iure placeat. Dolorem quis cumque necessitatibus accusamus.",2025-05-28,2025-08-09,"Inventore esse dolorem. Consectetur dolorem quidem modi excepturi. Perspiciatis voluptatum iure nostrum.
Accusamus voluptatibus culpa dolorem placeat. Dignissimos expedita iure vero in.","Pariatur ullam laborum dolorum tenetur harum.
Beatae repellendus aspernatur nobis. Ab labore necessitatibus deserunt eum. Alias vero accusamus quos neque.",2026-03-03,https://img.example.com/thumb_28.jpg
29,29,"Magni corrupti temporibus voluptate quibusdam eos quam alias. Velit beatae soluta sint enim ullam. Consequuntur eius porro.
Earum veniam alias quas. Eligendi recusandae rem voluptates tempora ducimus. Earum doloremque aperiam quidem veritatis incidunt.
Atque nisi reiciendis harum. Tempore maxime dolore reiciendis. Velit quaerat iusto sint dolores laudantium commodi esse.
Quasi doloremque libero esse perspiciatis. Veniam expedita asperiores quo quisquam similique officiis.",2025-03-18,2025-06-08,Quis earum quisquam in laborum velit. Magni culpa magni dolores impedit. Culpa voluptatum perferendis consectetur sit magnam.,"Rerum porro ipsum quae. Repellendus officia quo sit alias. Ut repudiandae maiores itaque asperiores saepe.
Aliquam eum officia nemo. Et hic harum modi laboriosam.",2026-01-27,https://img.example.com/thumb_29.jpg
30,30,"Nulla earum nihil sequi. Nam vero laudantium harum labore ea. Ducimus similique quaerat facere suscipit ut beatae voluptatem.
Consequatur sint aspernatur. Deleniti numquam possimus nihil harum. Laborum repudiandae consequatur accusantium fugit.
Porro vero placeat quod. Nulla delectus minima recusandae consectetur aut.
Consequuntur quibusdam fuga quam. Distinctio ratione fuga. Dicta odit nemo.
Sit alias fugiat vero. Suscipit ipsum eius perferendis nam ipsum.",2025-03-03,2025-08-15,"Dolorem veniam exercitationem error. Soluta officiis earum est porro sint.
Animi doloribus velit expedita veritatis debitis. Dicta aliquid excepturi facilis excepturi dolorum eum.",Nam nesciunt officiis voluptas necessitatibus veniam. Blanditiis tempora distinctio doloribus magnam ipsa. Ipsa labore natus veniam voluptas.,2026-01-18,https://img.example.com/thumb_30.jpg
31,31,"Repellendus deleniti quidem voluptatum vero unde. A omnis rerum tenetur in. Voluptatibus ut unde necessitatibus quidem quos. Sunt eligendi neque repellat veritatis perspiciatis.
Nisi illum modi voluptatem quaerat quod libero vitae. Ea in qui ex reiciendis.
Repudiandae enim incidunt deserunt. Id iure beatae repellat optio dicta. Suscipit aspernatur ducimus nam maxime repellendus molestiae.",2025-05-15,2025-07-08,Officia fugiat fugiat repellat. Soluta laudantium cumque necessitatibus ex pariatur. Modi hic nobis aspernatur repellat aliquam expedita. Iure dolores sunt nulla.,"Facere enim iste. Maxime autem minima est.
Alias sequi officiis quidem quam voluptate. A aut temporibus at minima expedita quibusdam.",2025-08-15,https://img.example.com/thumb_31.jpg
32,32,"Ullam rerum illum ex molestias. Necessitatibus labore perspiciatis fuga placeat ipsam saepe laboriosam.
Accusamus quibusdam illum eveniet iure. Maiores blanditiis inventore vero odio non eveniet beatae. Tempora quos tempora eos officiis quia doloremque.
Soluta nobis dignissimos sequi inventore ipsum velit dolorum. Beatae animi minus vitae corrupti. Inventore pariatur eaque voluptatem.",2025-05-01,2025-07-22,Magnam qui accusamus quidem omnis veniam. Modi mollitia quam fugit. Consequuntur perspiciatis dicta beatae consequatur natus ullam. Cumque minima magnam praesentium laborum ad iure recusandae.,Ipsum omnis earum sint placeat earum. Animi perspiciatis esse doloribus amet iusto numquam. Aliquid qui molestias qui.,2025-08-21,https://img.example.com/thumb_32.jpg
33,33,"Enim commodi accusantium magnam nulla odit. Officiis nihil ullam nostrum pariatur magni.
Cum blanditiis soluta deserunt magnam eaque ducimus harum. Dolor officia aperiam pariatur nesciunt repudiandae quis ipsa.
Excepturi ratione dicta vel asperiores. Harum tenetur cumque.
Eum quibusdam libero provident. Vel modi ad odit doloremque rem.
Impedit ea at quos hic. Nesciunt nam dolore qui aliquam. Provident dolor recusandae dicta facilis voluptates libero quia.",2025-03-31,2025-06-24,"Velit tempora a porro tempore corrupti voluptatibus. Aspernatur ducimus quis aliquam facilis. Consectetur rem repudiandae quisquam.
Corporis non ipsa.",Inventore commodi repudiandae cupiditate quas officia. Consequuntur recusandae doloremque eum nesciunt aperiam.,2026-01-10,https://img.example.com/thumb_33.jpg
34,34,"Animi quidem suscipit dignissimos mollitia consequuntur mollitia quas.
Laboriosam recusandae praesentium expedita autem ex. Consectetur voluptates aspernatur distinctio. Hic magnam non itaque neque temporibus. Saepe quae animi quisquam fuga.
Doloremque mollitia quia earum. In non aliquam distinctio iste debitis deleniti.
Similique sed veritatis. Nobis accusantium quae numquam corrupti eum.
Voluptas nemo incidunt quae voluptatem tenetur.",2025-05-29,2025-07-07,"Ipsam deserunt rerum aliquid possimus neque. Voluptatem animi qui.
Amet quidem commodi itaque inventore non. Eligendi vero voluptate.","Minima dolorum veniam perferendis at. Quaerat molestiae repudiandae laborum dicta deserunt.
Eveniet qui mollitia aspernatur. Quia aperiam dolore amet placeat. Distinctio et blanditiis.",2026-02-17,https://img.example.com/thumb_34.jpg
35,35,"Quis temporibus eum iste perspiciatis sapiente. Ipsam dolor laborum ratione.
Repellat aspernatur quisquam eligendi accusamus. Tempora officiis vero ut possimus. Soluta perferendis pariatur doloribus magni delectus atque est.
Nesciunt adipisci sapiente veniam quod natus labore. Laborum enim maxime tenetur ea cum nam eveniet. Itaque autem ut maxime corrupti porro qui.",2025-04-29,2025-06-29,"Eligendi aspernatur dolorem. Voluptatem deleniti sit sapiente.
Dolor eveniet sapiente aliquam. Eveniet nulla tempora molestiae.",Laboriosam amet voluptatum ea veniam sunt asperiores inventore. Eos tempore error. Itaque nesciunt facere exercitationem cupiditate rerum.,2025-12-11,https://img.example.com/thumb_35.jpg
36,36,"Deleniti a beatae dolore quas saepe. Quo ducimus facere.
Velit cumque accusantium natus maiores aperiam cupiditate ullam. Dolorem magni minima beatae fuga.
Tempore quas accusamus iste. Pariatur sapiente ducimus tenetur vitae repellendus.
Molestias debitis dolores aliquam assumenda aspernatur. Eaque explicabo aut exercitationem labore est molestiae. Ex nemo est voluptas.
Doloremque repellendus est pariatur rerum quibusdam sint nam. Mollitia a esse. Soluta quas voluptatibus.",2025-04-22,2025-08-01,Itaque alias deserunt facilis similique earum. Ut saepe ea laudantium accusamus necessitatibus temporibus. Quo sed beatae necessitatibus.,Error quisquam odio laudantium doloremque voluptatem. Quisquam quibusdam commodi hic officia voluptates sapiente.,2025-09-07,https://img.example.com/thumb_36.jpg
37,37,"Architecto nulla ducimus distinctio quos.
Dolore cupiditate veritatis. Fuga facilis maxime provident quidem minima.
Vero porro enim laudantium quasi id. Aliquid beatae quasi reprehenderit fugit tempora.
Impedit recusandae voluptate cupiditate corporis alias.
Debitis natus minima molestiae assumenda explicabo magnam nesciunt. Temporibus quas illo modi repellat ipsa blanditiis. Voluptatibus voluptatum natus architecto cum saepe laboriosam.",2025-03-25,2025-06-05,"Alias sint minus suscipit aut. Aspernatur dolorem ex totam accusamus.
Natus fugiat aliquam quisquam ad ipsam. Corporis incidunt aspernatur odio itaque quas culpa sit.","Laborum ullam aperiam quis saepe id. Doloribus nesciunt culpa natus velit iste. Optio aperiam corrupti illo.
Necessitatibus error soluta odio fugiat enim pariatur. Ratione sequi quia error.",2025-08-23,https://img.example.com/thumb_37.jpg
38,38,"Quo architecto explicabo quasi voluptatem quidem consequatur. Facilis tempore nam laborum nobis.
Voluptates hic necessitatibus voluptate optio dicta. Recusandae veniam veniam architecto repudiandae aspernatur. Vero unde similique repellendus nisi aut.
Quibusdam inventore provident corporis velit atque. Unde earum consequuntur corrupti. Accusamus at fuga esse maiores eveniet. Voluptates recusandae voluptatum architecto non.",2025-03-11,2025-07-20,Dolores eum explicabo quas vel doloribus. Culpa nobis possimus dolore ab dolorum modi. Veniam non eaque magnam. Voluptatem in a eos tempore similique porro.,Ut laboriosam modi. Officiis corrupti accusantium ducimus.,2025-08-06,https://img.example.com/thumb_38.jpg
39,39,"Qui praesentium voluptate ea consectetur. Perferendis nisi perferendis impedit fugiat reiciendis minus sequi.
Consectetur excepturi commodi expedita qui. Possimus maiores velit nam beatae quo. Ipsum alias voluptatibus aliquam labore nam aspernatur.
Dolores vitae animi modi vitae expedita quae. Recusandae ut molestias ipsa. Voluptate atque quae.
Beatae sit rerum consectetur. Repudiandae aperiam voluptatibus excepturi. Est iure at.
Illum fugit sed animi perspiciatis illum.",2025-03-05,2025-06-24,Sunt ad deleniti animi aspernatur quia. Reiciendis placeat praesentium ratione in quis voluptatem. Neque necessitatibus sit minima.,"Ducimus quisquam nemo ratione modi. Reprehenderit consequuntur quidem labore.
Natus eligendi minus. Ad cumque exercitationem omnis. Laudantium beatae pariatur et praesentium quos.",2025-12-21,https://img.example.com/thumb_39.jpg
40,40,"Similique inventore distinctio unde omnis reprehenderit. Quisquam assumenda dolores maiores earum adipisci itaque earum.
Hic quaerat reiciendis sed totam fuga. Recusandae temporibus deserunt asperiores nam blanditiis.
Quod suscipit eos labore et amet.
Omnis accusantium provident cum error. At repudiandae est repudiandae repudiandae fugit itaque voluptatum.
Eum totam fuga animi excepturi totam aperiam soluta. Ex voluptatem recusandae beatae.",2025-03-14,2025-07-13,Qui dolorem sapiente repellendus. Expedita saepe quidem modi perferendis. Nemo inventore neque.,Repellat tempore maiores pariatur. Est quos blanditiis deserunt minima facilis consectetur. Sequi omnis aliquid.,2026-04-18,https://img.example.com/thumb_40.jpg
41,41,"Officiis alias voluptatem in temporibus recusandae totam. Nihil iste illum dolore quae dolorum ducimus asperiores. Dolore facilis dignissimos aliquid quaerat.
Eos fugiat impedit. Doloribus cum tempora similique illum quam dolores.
Itaque atque fugiat autem nisi. Quos corporis beatae ratione porro ut.
Vitae perferendis sunt eum. Ratione ut tempore impedit ullam recusandae distinctio. Modi eaque adipisci nesciunt at.",2025-05-13,2025-06-24,Officiis provident impedit expedita inventore. Maxime accusamus magni tenetur odit omnis distinctio.,Esse occaecati praesentium. Aut excepturi possimus fugit aliquam officia sit perspiciatis. Voluptatem consequuntur unde perspiciatis unde vitae vero.,2026-04-26,https://img.example.com/thumb_41.jpg
42,42,"Atque aperiam placeat repellat aut recusandae. Eum eius voluptas omnis earum incidunt.
Excepturi quaerat perferendis. Nesciunt a dolorem ullam aliquid nihil suscipit ipsum.
Assumenda quas doloremque asperiores harum ab. Commodi at ea exercitationem asperiores temporibus.
Sed suscipit nobis sunt. Corrupti quo sint dolorum.
Voluptates commodi nisi optio itaque dolor id. Explicabo praesentium asperiores sit soluta modi iste.",2025-05-24,2025-06-09,Molestiae eos fuga illum. Veniam labore iusto illo corporis optio. Est aspernatur tenetur nemo.,Quaerat vero quam suscipit officiis vel. Odit autem quidem. Doloremque cumque ex maxime officia.,2025-12-20,https://img.example.com/thumb_42.jpg
43,43,"Numquam quis modi accusantium fuga exercitationem soluta dolor. Neque fugiat doloremque. Neque quasi sunt facere quasi a voluptate neque.
Sunt impedit quasi illo.
Voluptas est vel distinctio omnis magni voluptatum. Deserunt explicabo ipsam iusto.
Fugit ratione velit cumque velit eveniet error odio. Tenetur magnam tempora. Neque nesciunt iusto quia delectus voluptatem.",2025-03-24,2025-06-02,Commodi aliquam iste inventore rerum blanditiis fugiat. Iste a qui optio quas doloremque nam. Recusandae eum inventore neque quibusdam esse soluta quae.,Perspiciatis laudantium sunt facere. Eligendi ab libero explicabo repudiandae enim. Rerum expedita recusandae nisi provident debitis veniam quasi.,2026-05-27,https://img.example.com/thumb_43.jpg
44,44,"Dolor repellendus sed eius at. Ipsam dignissimos doloremque quibusdam ad.
Itaque reiciendis soluta assumenda aperiam. Minus ratione sint in sapiente. Nulla facere quod corporis maiores eius.
Tempora quaerat sunt sapiente at. Cum odio illum deleniti rerum eveniet libero. Incidunt nam hic minus aperiam in.
Voluptatibus adipisci consectetur hic. Beatae a possimus quisquam iure.
Quaerat eligendi illum ea error.
Laboriosam fugit similique veniam. Maiores illum tempora incidunt eum libero unde.",2025-04-06,2025-08-04,Nesciunt enim sed. Veritatis adipisci officia cupiditate nobis dicta necessitatibus molestiae.,"Natus doloremque fugit. Tempore molestias ab consequatur facere dicta.
Consectetur neque facere perferendis tempore enim. Velit voluptas qui quia. Aliquid repudiandae nihil quaerat earum ex dicta.",2026-01-29,https://img.example.com/thumb_44.jpg
45,45,"Pariatur delectus voluptate aliquam voluptatem voluptate. Amet eos voluptatum exercitationem labore quibusdam. Eius itaque ipsam at repellat velit.
Vero asperiores soluta temporibus consequatur dignissimos ullam laborum.
Exercitationem sapiente doloremque. Repellat aliquid magnam iure voluptates. Occaecati tempora atque laboriosam in odit.
Nam saepe placeat saepe sapiente voluptates fuga. Iste similique quibusdam laborum occaecati dicta maxime.",2025-04-21,2025-07-06,"Molestiae earum consequatur asperiores consequatur doloribus tempore. Repellendus natus occaecati excepturi consequuntur.
Qui eligendi aut temporibus voluptate exercitationem aliquid.",Qui aperiam dolorum unde maiores deleniti et. Cumque consequatur rem autem tempore. Nihil natus nisi qui occaecati.,2025-09-14,https://img.example.com/thumb_45.jpg
46,46,"Consectetur minus occaecati sed tempore incidunt reprehenderit. Voluptatem placeat perferendis sed rem fuga aliquam.
Excepturi quaerat quis delectus ex. Voluptates voluptatum aspernatur velit. Earum sunt quisquam animi maiores quos veritatis. Recusandae eos inventore similique.
Eum sit corporis libero similique occaecati aliquam alias. Officia doloremque sapiente unde repellat officiis.
Sequi ducimus alias totam voluptatem officiis quod.
Magni esse porro beatae excepturi.",2025-03-31,2025-07-18,Dolores nisi voluptatem quia. Consequuntur eaque provident pariatur voluptatibus eum tempore. Velit quo officiis ab consequatur quia.,Qui voluptate quis fugiat aperiam. A necessitatibus hic sed dolores.,2025-07-22,https://img.example.com/thumb_46.jpg
47,47,"Quos libero qui ducimus corrupti magni at. Iste voluptatibus earum id. Animi magnam perferendis eius.
Asperiores nihil quasi veniam magni. Earum veniam nemo ullam quis inventore temporibus.
Eum pariatur officia velit quia earum. Nam ex voluptatum laborum. Adipisci repudiandae quaerat dolor unde quia.
Sed natus veniam assumenda dicta. Vero odio officiis est laborum. Similique repellat reprehenderit minima illum.",2025-03-05,2025-08-12,"Natus necessitatibus iste culpa.
Perspiciatis enim temporibus impedit. Non quaerat laborum porro aperiam beatae eaque.","Amet minus tempore ea. Magnam perspiciatis fuga nam maiores accusamus.
A eos modi voluptatibus delectus sint. Ut explicabo pariatur incidunt rerum. Ex eligendi unde quibusdam ipsum maiores.",2026-01-29,https://img.example.com/thumb_47.jpg
48,48,"Dolorum velit rem iusto ipsa aliquid. Dolore vel at eveniet corrupti necessitatibus maxime. Reprehenderit consequatur beatae natus officiis.
Praesentium rem autem quo. Perferendis cum ipsum adipisci delectus natus voluptas. Eum numquam sit facere totam corporis corrupti.
Ex cupiditate rem quod impedit iusto repudiandae. Quidem eos tenetur libero in ab perferendis.",2025-03-11,2025-07-20,Cum eligendi ipsa. Assumenda dolor tempore molestiae eos mollitia. Asperiores eaque mollitia quaerat nihil accusantium at reprehenderit.,"Modi commodi itaque harum nemo maiores. Repellendus perspiciatis ipsam. Ea molestias architecto consequatur.
Eos recusandae veniam rem rerum. Consequatur dolor error culpa excepturi doloribus totam.",2025-11-13,https://img.example.com/thumb_48.jpg
49,49,"Recusandae vitae totam. Minima accusamus pariatur cupiditate maiores sint necessitatibus. Repellat porro perspiciatis.
Est repellendus nulla amet sunt corrupti. Maiores id ut numquam itaque aliquam neque.
Sunt repellat quibusdam animi nihil vitae voluptatem est. Neque facilis adipisci nobis. Vitae amet quod sint explicabo deserunt provident. Harum atque reiciendis assumenda libero.
Accusantium molestias nesciunt corrupti. Eius totam delectus hic.",2025-04-02,2025-06-02,"Distinctio iusto earum neque excepturi eum. Nam aperiam recusandae quis deleniti.
In neque omnis nemo. Officia quis tempore a asperiores earum nemo.","Aliquam harum possimus facilis sunt at. Similique est recusandae totam nisi omnis iure.
Tempora recusandae ullam quis. Nihil cupiditate asperiores dolore laborum itaque aspernatur.",2026-03-16,https://img.example.com/thumb_49.jpg
50,50,"Quisquam officia voluptas eligendi consectetur autem amet animi. Quis ipsa id nostrum maxime. Quo enim vel veritatis sint officiis.
Quas consequuntur architecto reprehenderit. Omnis inventore unde placeat laboriosam magni. Facere corporis delectus optio amet.
Dolores eum unde. Velit minus quos.
Ipsa incidunt fuga minus tempore vero. Voluptates deserunt rerum dolores officia.",2025-03-07,2025-06-28,Pariatur dolorem optio velit. Reprehenderit quia similique dignissimos corporis exercitationem asperiores. Voluptatibus sed unde recusandae cum vitae suscipit.,Eligendi eveniet repellendus ratione. Doloribus quidem inventore sapiente. Beatae soluta rerum eaque consectetur.,2025-07-11,https://img.example.com/thumb_50.jpg
51,51,"Commodi exercitationem perspiciatis qui molestias pariatur laudantium autem. Laudantium quia quaerat. Vel deserunt facere hic quidem magnam.
Quibusdam maiores fugit eius eum sit. Vel eos eum perspiciatis neque ipsa.
Suscipit consectetur eum quisquam itaque similique quia aut.
Fugiat rerum aliquam et rerum explicabo. Assumenda dolores nihil voluptas. Esse totam architecto odio soluta quo possimus distinctio.",2025-04-27,2025-08-24,Asperiores officia rem nemo. Earum non ab omnis iusto necessitatibus. Distinctio exercitationem aspernatur labore. Consectetur doloribus esse quae accusantium dignissimos.,Voluptate explicabo earum eveniet. Magnam asperiores provident minima fuga velit.,2025-10-30,https://img.example.com/thumb_51.jpg
52,52,"Libero alias veniam. Accusantium harum quod neque debitis saepe molestias.
Beatae temporibus voluptatum quae delectus numquam modi voluptate. Minus modi ipsum numquam natus molestiae animi. Recusandae consequatur velit est tempore aliquid officiis atque.
Quos optio amet atque dolorum explicabo.
Omnis ullam veniam hic eius saepe. Enim vitae quam explicabo. Est itaque iusto ducimus. Debitis iste dolores ab eligendi eius ab eveniet.",2025-03-28,2025-08-29,"Illum iste perferendis laborum ex.
Velit eligendi aliquam labore reiciendis. At fugiat animi quo. Quisquam ducimus pariatur quisquam.",Iste est cum id non aperiam. Ab molestiae quaerat quasi magni perferendis suscipit. Laudantium iure optio.,2025-12-21,https://img.example.com/thumb_52.jpg
53,53,"Corrupti aperiam hic assumenda. Pariatur accusantium atque sit.
Labore perferendis exercitationem asperiores. Odio sapiente labore. Nemo fuga ipsum pariatur.
Fuga aliquid expedita quidem libero.
Et ipsa vel architecto.
Sapiente neque doloremque asperiores magnam ullam. Corrupti ipsum accusantium quas occaecati non. A nihil est rem vero consequatur.
In consectetur consequatur temporibus. Soluta doloribus deleniti.
Commodi non pariatur harum. Eveniet natus fuga culpa. Praesentium est esse velit.",2025-03-16,2025-08-14,"Ea atque tenetur. Consequatur reprehenderit at at aperiam. Magni repudiandae ratione nisi.
Nisi expedita temporibus reiciendis.",Voluptatum magnam facere harum est accusantium quam quibusdam. Minus a earum sint minus. Officia reprehenderit quos velit rerum beatae.,2025-11-16,https://img.example.com/thumb_53.jpg
54,54,"Itaque soluta magnam tempora. Voluptas minus iste corporis esse quod tenetur quos. Deleniti dolor quis praesentium sit.
Excepturi repellendus consequuntur illum reiciendis quae iste id. Eos a tempora unde blanditiis officia. Molestiae totam earum ut quaerat.
Doloremque animi assumenda. Dolores accusantium saepe eligendi.
Tenetur atque magni similique atque vero corporis. In fugiat aliquid eius.",2025-04-08,2025-07-10,"Praesentium minus quod odit ipsam nisi. Eum rerum ducimus ducimus enim dicta sequi.
Quia porro assumenda culpa explicabo quidem. Dolorem natus veritatis odio.","Praesentium assumenda a. Doloremque quibusdam amet omnis doloribus laboriosam optio hic.
Delectus reprehenderit veniam incidunt tempore ipsa nostrum. Velit quia itaque.",2025-10-02,https://img.example.com/thumb_54.jpg
55,55,"Laboriosam odio dolorem. Sapiente cum vitae odit dolorem. Placeat iure laudantium blanditiis voluptate quidem unde.
Inventore ipsam ut voluptate quidem aut. Dolor nihil quibusdam. Odit nesciunt eos quam cum fugiat qui impedit.
Totam nostrum fugiat vel optio dicta beatae. Blanditiis quia quibusdam delectus repellat itaque optio in. Pariatur eligendi provident.
Iusto sunt hic id commodi voluptate numquam alias. A iste assumenda. Cumque nam illum eveniet.",2025-03-26,2025-06-05,Vel temporibus quia sint deleniti occaecati. Numquam molestiae quo veniam soluta. Odit eveniet vel dolores ex. Repudiandae debitis perferendis sit voluptas provident optio.,Dolores neque impedit. Fugiat at impedit consectetur occaecati optio. Dolore distinctio iure rem atque excepturi.,2026-05-09,https://img.example.com/thumb_55.jpg
56,56,"Vero repellendus occaecati ut. Eum minima corrupti eveniet fugit.
Dolorum sunt hic et quam. Nulla suscipit delectus aliquam iusto. Voluptatibus sunt quos praesentium neque.
Necessitatibus laborum aspernatur aliquam labore. Architecto beatae ut repellendus quisquam. Mollitia ducimus sequi voluptas alias quasi.
Officia dolorum sed saepe recusandae nihil. Nulla optio consequuntur consectetur. Animi quam provident optio tempora.",2025-05-29,2025-06-02,"Dolores dignissimos porro minus. Possimus saepe explicabo suscipit. Dolorum ab vitae itaque magni.
Quo quia necessitatibus rerum et non.","Tempore sunt voluptatibus placeat voluptas quia. Alias laborum cum sapiente atque suscipit.
Reprehenderit rem iste fugiat qui dignissimos. Fuga ducimus ex commodi inventore quos nihil.",2025-09-24,https://img.example.com/thumb_56.jpg
57,57,"Iure modi repellendus. Maiores neque deserunt vitae incidunt sint.
Amet nobis earum vero. Architecto ea voluptatem.
Reiciendis provident sit. Voluptatum dignissimos saepe aliquam nesciunt. Provident in distinctio vero.
Eligendi dolore dolores expedita. Qui tempore doloremque perspiciatis.
At eum deserunt eaque unde illum commodi. Saepe beatae harum ut molestias maiores iusto laudantium.
Provident consectetur similique animi facilis.",2025-04-02,2025-06-16,"Quo ea assumenda libero sunt quas. Omnis nulla qui.
Corrupti quo facilis officiis molestias odit. Sunt quisquam nesciunt veniam.",Officiis eligendi sint non deleniti velit. Enim distinctio quas ipsum. Neque tempora consequatur corporis quod perspiciatis.,2026-04-21,https://img.example.com/thumb_57.jpg
58,58,"Minima similique officia dicta. Eaque voluptatem nulla ducimus fugit eveniet quidem.
Illo qui alias quia ut porro eum inventore. Alias quis sit fugiat iste temporibus nulla. Consequuntur nobis a nemo nulla vel.
Cum nisi rerum odit saepe. Delectus odio iusto odio odio quasi rerum ad.
Molestias dolore officiis error. Eaque nobis minima explicabo.",2025-03-08,2025-07-01,"Ipsam dignissimos a ea aliquid adipisci. Cum vero laudantium veritatis.
Corporis nisi aut a necessitatibus perferendis quas. Illum natus dolor perspiciatis consequuntur fuga nisi.","Eligendi id quis natus dolorum eius numquam. Officia eius cumque odio repellat. Provident laborum nulla quibusdam nam.
Hic illum ut nemo mollitia sit modi. Quis quisquam aliquam dicta quos.",2026-05-28,https://img.example.com/thumb_58.jpg
59,59,"Doloremque ea error quod. Cupiditate soluta adipisci soluta quae necessitatibus.
Recusandae cumque quas nulla id. Tempora commodi beatae alias voluptatem quaerat. Sunt quaerat ratione sapiente.
Cumque nemo perferendis nam. Tenetur quae voluptatum eius unde eius iure.
Ipsa possimus ad et tenetur. Quibusdam quos perspiciatis voluptatum dolorem. Voluptatem ex blanditiis rem quod quod eveniet. Delectus facilis quos optio amet asperiores.",2025-05-03,2025-07-13,Molestias non eum. Optio corporis officiis optio. Error suscipit provident corrupti fuga sed quae deserunt.,Officia quos vel fugit explicabo repellat.,2025-08-05,https://img.example.com/thumb_59.jpg
60,60,"Nostrum commodi saepe autem eveniet dolore ea. Perferendis eveniet aspernatur laborum porro sunt ipsam.
Quae quidem numquam laudantium esse libero at sequi. Dicta reiciendis porro in vel quasi. Voluptate porro perspiciatis tempore.
Praesentium explicabo voluptatibus assumenda sint harum sunt. Reiciendis tenetur nihil ipsum corporis. Minus quis officia dignissimos laborum recusandae.",2025-04-10,2025-06-12,Minus voluptatem vel quia dignissimos. Blanditiis nisi rerum officiis. Dolores adipisci esse.,"Possimus illum totam beatae. Suscipit libero iusto. Quia excepturi esse amet.
Quod ipsa eveniet. In facere labore sunt expedita ipsum amet. Cum odit nihil aut consectetur illum minima.",2026-04-05,https://img.example.com/thumb_60.jpg
61,61,"Saepe dolorum accusamus mollitia ut dolore deleniti. Temporibus unde cum alias dolore autem earum.
Deserunt dolorum iste optio assumenda. Molestiae cupiditate veritatis nihil.
Cupiditate ut corporis mollitia iusto. Distinctio rerum ipsam neque hic. Repellat dolores optio tempora ex possimus ipsum.
Quod exercitationem illum vel sed. Quas suscipit unde assumenda ratione. Dicta dolor dignissimos nesciunt eligendi.
Rerum omnis reprehenderit molestias voluptate.",2025-04-18,2025-06-02,"Sequi ad id assumenda quia.
Adipisci sed alias iusto. Vero accusantium aliquam odio alias voluptatum rerum.","Doloribus illum inventore blanditiis officia. Fuga quae eos sunt. Vitae saepe vel odio.
Beatae ullam libero ea sed odit dolorem. Officia nemo nesciunt aperiam eum ad natus. Soluta culpa nemo aliquam.",2026-01-21,https://img.example.com/thumb_61.jpg
62,62,"Minima perspiciatis ex molestiae unde. Voluptates voluptatem laborum voluptatibus nostrum atque reprehenderit.
Autem voluptates quibusdam eius minima. Recusandae illum doloremque ea voluptatem. Officia at natus quisquam dolores natus.
Debitis recusandae quaerat illo omnis itaque temporibus. Eligendi eaque quod quos a assumenda.
Error illo assumenda voluptatum aliquid. Quas voluptates magnam cum.
Expedita mollitia nobis consectetur. Accusantium excepturi animi vero.",2025-04-21,2025-07-14,"Aperiam blanditiis temporibus praesentium impedit nostrum similique.
Animi accusantium sed praesentium consequatur quia. Iure cumque sequi.",Saepe ut dignissimos rem distinctio rerum. Et neque laudantium quaerat ea expedita ipsa.,2026-05-07,https://img.example.com/thumb_62.jpg
63,63,"Eum nihil ea expedita suscipit labore vero temporibus. Exercitationem doloribus quas sint eius nemo perspiciatis.
Error error asperiores quo voluptatum porro voluptatem. Minima cum molestiae autem autem. Id rerum perspiciatis quaerat.
Doloremque doloribus sequi repellendus ab consectetur esse. Sed incidunt iste fugit ducimus et repellendus. Et non natus.
Molestias enim explicabo.
Dolorem quidem natus nulla aspernatur omnis.",2025-04-23,2025-06-16,Soluta ullam eum odio. Placeat velit eum alias.,Consequatur exercitationem ut nobis perspiciatis. Architecto in suscipit reprehenderit quos.,2026-03-18,https://img.example.com/thumb_63.jpg
64,64,"Enim possimus placeat voluptatibus quos consequatur eos. Dolor quasi sequi debitis. Enim aliquid quae libero.
Sit voluptates nulla corrupti.
Nulla expedita quasi nisi culpa quod fugit. Soluta molestiae nostrum aperiam.
Possimus minus quo sint ut. Distinctio quas dolore dolorem ut commodi culpa incidunt.
Asperiores voluptate ipsum minima hic necessitatibus ipsam. Rem recusandae expedita ducimus commodi natus.
Illo vel ipsam ea totam repudiandae.",2025-04-07,2025-08-11,"Unde eius eius voluptate maxime. Dolorum nam inventore corrupti ipsa eligendi incidunt. Et perspiciatis ipsam animi vero.
Et quis pariatur natus repudiandae fugit. Dicta vel vitae architecto aliquam.",Dolorum voluptate quos adipisci ea. Illum assumenda ab debitis porro praesentium.,2025-08-30,https://img.example.com/thumb_64.jpg
65,65,"Ratione quidem cum enim. Maxime recusandae voluptatibus dolore doloribus neque illum. Ullam non exercitationem perspiciatis id.
Veniam dolorum velit minus. Repellat rerum autem est quos.
Ex et nulla accusamus debitis repellat. Ullam quisquam voluptatum eveniet eligendi veniam ea reprehenderit.
Nihil ut quia totam neque. Illo laborum similique odit temporibus commodi.
Consectetur odio ex. Dicta sed in nobis fuga. Illum sed aspernatur cupiditate distinctio recusandae.",2025-03-26,2025-08-30,"Quia aut qui ipsam explicabo ad praesentium. Incidunt nemo maxime exercitationem dolorum provident. Non officiis sit optio accusamus.
Hic nemo iste laudantium. Eos nemo voluptatibus a.","Vero dolorum vitae vel quasi corporis earum. Porro soluta cumque sed.
Quidem doloribus distinctio aliquid dolor.
Rerum voluptate repellendus ipsam. Fugit aperiam provident ad.",2026-05-21,https://img.example.com/thumb_65.jpg
66,66,"Cupiditate animi maiores temporibus nihil. Debitis et aspernatur. Delectus facere placeat.
Iure commodi totam minima expedita provident. Quos perferendis id enim commodi eos. Eos vel eaque magnam amet.
Dolore esse vel eveniet. Exercitationem possimus vero at labore ipsum asperiores. Quaerat fugiat inventore culpa quod voluptatem provident.
Aperiam voluptatum laudantium doloribus minus. Quam laborum odio nihil reprehenderit assumenda molestiae.",2025-04-25,2025-08-03,Est suscipit ipsam ratione repellat reiciendis. Placeat excepturi debitis laudantium.,Maiores ex doloribus corporis explicabo natus sit. Autem atque vitae deserunt. Atque repudiandae minima eius ex veritatis sint.,2026-05-30,https://img.example.com/thumb_66.jpg
67,67,"Vero ex quas. Non ratione labore nostrum totam. Quibusdam blanditiis velit temporibus eius vero reiciendis. Minus labore est dolorum amet aliquid.
Maiores repellat omnis aliquid occaecati eos rerum. Quibusdam rem beatae inventore dignissimos nesciunt.
Maiores ducimus nemo quaerat quidem labore eius commodi. Provident id iure incidunt consectetur repudiandae architecto. Rem quis laboriosam laborum eveniet consequuntur.",2025-03-17,2025-07-03,"Eligendi pariatur sed excepturi dolore. Sint fugiat minus commodi voluptatibus eveniet.
Ullam tenetur voluptatem. Dolorem totam eum accusamus quo reiciendis odio laborum.","Eum repellendus veritatis magnam dolor accusantium saepe. Nostrum recusandae quod earum.
Eaque magnam dolor. Repellendus at autem dolorum.",2025-12-12,https://img.example.com/thumb_67.jpg
68,68,"Deserunt at perferendis facilis. Expedita ea esse deleniti reprehenderit nobis illo.
Minus pariatur sint veniam. Assumenda expedita ipsam minima minima pariatur laborum eius.
Temporibus vitae voluptatem. Minus facere inventore omnis neque recusandae molestias. Magnam voluptatibus velit a sint beatae quaerat.
Error asperiores tenetur dolore cupiditate odit beatae. Iste ratione temporibus ab nulla labore quidem.",2025-05-19,2025-07-14,Aspernatur officiis voluptatibus voluptas ipsam laboriosam molestiae sint. Repellendus delectus iste perspiciatis sequi. Veritatis amet odit laudantium deleniti.,Minima deleniti totam cumque eum libero vero dolore. Voluptatum natus molestiae.,2026-03-15,https://img.example.com/thumb_68.jpg
69,69,"Cum doloribus eaque eligendi sequi nesciunt labore. Exercitationem unde odit similique ipsam odit at adipisci.
Non nulla non modi doloremque velit.
Ratione dolorum omnis modi neque officiis. Possimus consectetur cum iste. Voluptatibus animi repellat aut necessitatibus accusamus commodi.
Consectetur commodi ipsam ullam. Sint corporis non in velit eaque fugit.
Officia dolor incidunt temporibus perspiciatis nemo culpa beatae. Itaque dolorum consectetur.",2025-05-21,2025-07-31,Impedit repellat enim vero ea expedita explicabo. Harum tempore ea neque molestias quos quae. Corrupti perferendis porro odit.,"Nobis doloremque hic ab quibusdam esse maiores.
Neque officia quaerat illum optio quo consequuntur. Quae repudiandae eum architecto quidem suscipit soluta.",2025-07-05,https://img.example.com/thumb_69.jpg
70,70,"At distinctio praesentium odit. Nesciunt et doloremque incidunt consequuntur.
Quo velit explicabo nulla id recusandae dolorem doloremque. Nostrum vero vel explicabo numquam doloremque fugit et.
Molestiae ullam accusamus cupiditate optio. Quo nesciunt similique soluta necessitatibus eveniet ipsam consequatur.
Laudantium a molestias necessitatibus ducimus blanditiis. Optio in eum quasi adipisci explicabo itaque.",2025-05-01,2025-08-02,"Aperiam facere incidunt porro. Ipsam possimus dolor cumque vero.
Veritatis tempore repellat nemo ullam.
Perferendis nulla dolorum praesentium. Sint fugit architecto tempore ex rerum suscipit.",Consequatur dolorem illum ut ex facilis ad. Doloribus libero ratione hic.,2025-11-24,https://img.example.com/thumb_70.jpg
71,71,"Consequuntur illo at corrupti dolorum odit repellendus. Voluptates labore nemo sapiente saepe praesentium.
Harum porro harum dolor aspernatur deleniti. Quis blanditiis sit repudiandae et. Soluta quidem temporibus ipsa sunt. Aspernatur asperiores dolores voluptatibus eaque eveniet illo.
Possimus suscipit iusto. Totam soluta quibusdam eligendi facilis optio minima.
Quam rerum quisquam sint. Unde architecto ullam odit beatae aliquam voluptates.",2025-05-06,2025-07-21,"A nam sunt nulla. Placeat facilis quas iure. Alias autem aperiam adipisci.
Odit fugit animi earum. Explicabo soluta nam velit atque. Alias alias molestiae aut.","Est veniam fugiat aspernatur. Dolor cum recusandae dicta repudiandae cum.
Laboriosam a et. Delectus dolorum doloremque in id beatae. Ipsum ducimus perspiciatis ratione accusamus harum.",2025-08-25,https://img.example.com/thumb_71.jpg
72,72,"Maxime quas eaque dolor laboriosam provident. Deserunt vel harum saepe quae labore. Laboriosam repellat optio aut perspiciatis nihil.
Ipsum totam sint. Dolorum aliquam delectus fugit totam possimus distinctio.
Accusantium nobis voluptate asperiores. Sed voluptas omnis adipisci culpa voluptate.
Aut voluptatibus assumenda repellat. Ullam similique debitis facilis ex. Veniam quibusdam sit ut officiis perspiciatis.",2025-03-17,2025-08-01,Perferendis hic quae placeat nobis laudantium. Tempora aliquam accusantium debitis aliquam maiores. Error ex odit officiis in.,Architecto debitis hic voluptatum aperiam. Reiciendis aliquam dicta nemo quaerat excepturi.,2026-05-22,https://img.example.com/thumb_72.jpg
73,73,"Praesentium enim dolorum reprehenderit voluptates. Optio recusandae eligendi natus inventore.
Quibusdam alias voluptatem rerum. Voluptatem praesentium quia voluptates nihil doloribus.
Ex sequi quam deleniti consequatur. Tempore vitae vero nihil neque odit facilis assumenda. Assumenda minima praesentium provident rerum mollitia veritatis tempora.
Quos molestiae voluptates ipsum possimus odit. Ut ex reprehenderit eius omnis iste placeat quas.",2025-03-25,2025-08-19,"Sed assumenda odit.
Quisquam ducimus inventore quas. Sapiente officiis voluptatum quibusdam reiciendis. Porro aliquam saepe in harum corporis.","Voluptatibus repellendus magnam inventore.
Vel incidunt doloremque ex iusto. Omnis officiis vel excepturi nihil adipisci.",2025-07-05,https://img.example.com/thumb_73.jpg
74,74,"In vitae sapiente eius. Sapiente aspernatur eos asperiores ea non inventore.
Quas saepe culpa dolorem adipisci reiciendis iste.
Atque reprehenderit accusamus a. Enim suscipit nisi similique. Provident perferendis consequuntur earum ipsa ipsum illum. Magni eaque quae possimus suscipit.
Maiores autem necessitatibus quo asperiores sed delectus. Laboriosam similique assumenda tempora. Officiis minima tenetur ab tenetur.",2025-05-09,2025-06-20,Mollitia veritatis aspernatur et ad. Aut aut eos pariatur tempora delectus quam. Odio ab quasi soluta iure tempora perferendis.,Praesentium labore rerum dolores assumenda hic. Perspiciatis quae doloremque recusandae adipisci earum facere. Fuga quia deleniti tenetur qui numquam totam.,2025-10-01,https://img.example.com/thumb_74.jpg
75,75,"Pariatur commodi sed quam culpa corrupti omnis. Molestiae dolores iure iure cupiditate architecto magnam aut. Non molestiae alias nihil.
Recusandae tempore ipsam quam tempora. Sequi labore placeat dolores eius tempora animi. Repellat sapiente illo provident.
Omnis ratione voluptatum quaerat quas minima. Consectetur impedit voluptatum eos.
Vitae officiis illo. Distinctio harum ipsum illo temporibus deleniti.
Quisquam minima voluptatibus numquam tempora. Alias tenetur laborum mollitia.",2025-05-15,2025-07-21,"Nemo quis occaecati saepe. Expedita nulla non tenetur alias autem.
Blanditiis consectetur dolorem tenetur est quasi eius. Voluptas consequatur explicabo quam natus repudiandae minus cumque.","Explicabo repellat quae incidunt. Suscipit aspernatur esse harum assumenda.
Harum ea officiis quidem eligendi itaque reprehenderit facere. Hic quos officia vero expedita perspiciatis ducimus.",2026-05-31,https://img.example.com/thumb_75.jpg
76,76,"Officiis officia sint voluptates quos inventore exercitationem aspernatur. Quo dolore illo magni provident iure dignissimos. Nihil esse explicabo perspiciatis quidem architecto.
Quas voluptatum ab aspernatur. Possimus repellendus unde. Occaecati commodi corporis quis iste perspiciatis illum. Soluta aliquid beatae.
Cumque illo vitae ut ut. Debitis veritatis aut numquam dolorum dolore.",2025-03-04,2025-08-20,Illo odit consectetur qui animi iure. Excepturi earum dolore tempore nam. Modi ex et aliquid non odio deleniti.,"Accusantium maiores ex ea suscipit similique aut. Nisi sequi veritatis porro fugit cupiditate ex id.
Voluptas impedit laborum.
Temporibus exercitationem quis voluptatum.",2025-11-27,https://img.example.com/thumb_76.jpg
77,77,"Nemo reiciendis eveniet modi est laudantium molestiae laborum. Esse eligendi impedit quis. Qui consequuntur deserunt laboriosam.
Magnam eligendi quibusdam a. Distinctio reprehenderit ratione eligendi nisi est. Blanditiis ut maiores quis dolorum fugiat dolorum.
Voluptatibus hic porro corporis. Illum porro assumenda qui atque excepturi.
Beatae velit fuga excepturi. Sint a culpa omnis architecto ea facere. Quos libero rerum quidem ea aspernatur.",2025-05-09,2025-07-18,"A in praesentium repellat eligendi nulla. Nam rerum odio velit commodi pariatur.
Nobis cupiditate nostrum fugit repellendus. Repellat tempora eius quas.","Laborum reprehenderit sint quis.
Officia nam quia officia dolores. Similique minus perferendis sapiente quasi repudiandae reiciendis.",2025-12-16,https://img.example.com/thumb_77.jpg
78,78,"Cum sint culpa magnam facere nisi veniam ipsum. Quidem architecto autem quas. Facere rem odio perspiciatis.
Nulla earum asperiores omnis. Impedit error assumenda accusamus repellat et.
Inventore repellat quas corporis earum recusandae illo. Asperiores aspernatur ea aut ipsum. Ullam occaecati quisquam odit debitis odio possimus.
Dolores aliquid voluptatibus. Eius aperiam cupiditate architecto dolores beatae. Nesciunt et sed molestiae mollitia nostrum.",2025-04-29,2025-06-04,"Necessitatibus laudantium nihil nihil.
Perferendis aperiam dolorum repellendus natus accusamus accusantium. Veritatis cum doloribus quia delectus nulla qui. Occaecati delectus atque harum aut.","Reiciendis quas quod.
Harum tenetur nulla eum explicabo excepturi. Magnam sapiente quae suscipit ad esse.",2026-05-24,https://img.example.com/thumb_78.jpg
79,79,"Repudiandae dolores voluptates ipsa. Corrupti error praesentium doloremque adipisci. Laborum non est iure. Esse suscipit vel cumque unde vel.
Aliquid aliquam quasi deleniti ratione. Quod distinctio distinctio molestias voluptate reiciendis enim.
In aspernatur non necessitatibus. Sunt itaque quae nemo vero debitis. Exercitationem eius fugiat aperiam ipsa voluptatem perferendis.",2025-04-25,2025-07-24,Id sit exercitationem adipisci ipsa quae. At velit in nulla pariatur harum expedita.,Inventore a sapiente tenetur. Consectetur minima maiores cum. Eos neque aliquam. Aperiam voluptatum perferendis velit ratione ex.,2025-12-14,https://img.example.com/thumb_79.jpg
80,80,"Aliquid voluptas nihil recusandae minus. Aspernatur enim quod dicta corporis sapiente provident. Nisi hic atque quisquam. Tempora tempora iure odit dolorem voluptas reprehenderit.
Ad placeat magnam dignissimos ipsum deserunt aliquam. Quasi enim consequuntur.
Id officiis sunt ut. Doloremque incidunt minus eius non magnam.
Laborum dolore ipsam voluptatem porro. Quae necessitatibus excepturi tempora.",2025-03-14,2025-08-23,"Culpa eum ut necessitatibus. Placeat minus aut voluptatem.
Architecto nihil culpa consequatur possimus repudiandae.
Quam reprehenderit labore. Eveniet rem quaerat officia. Quam dolorem odit quis.",Illo beatae assumenda vitae voluptate possimus. Maxime eaque similique. Expedita magni hic inventore hic autem culpa.,2026-05-14,https://img.example.com/thumb_80.jpg
